mercado;presentacion IQVIA;unidades MAT;fila lista de precios;envase;packs;PSL aplicado;PSL/unidad;estado
Acantex;ACANTEX V.IM LIOF 1.00G 3.5ML x 1;230788;ACANTEX INV 1 g;1;1;15505.3;15505.3;ok
Acantex;ACANTEX V.IV LIOF 1.00G 10ML x 1;26039;ACANTEX INV 1 g;1;1;15505.3;15505.3;ok
Acantex;ACANTEX V.IM LIOF 500MG 2ML x 1;19058;ACANTEX INV 500 mg;1;1;8029.88;8029.88;ok
Acantex;ACANTEX V+SOLV INFUS 2.00G x 1;3100;ACANTEX INV 1 g;1;1;15505.3;15505.3;ok
Acemuk;ACEMUK TABL EFERV 600MG x 10;2112255;ACEMUK 600  mg;10;1;9875.64;987.56;ok
Acemuk;ACEMUK TABL EFERV 600MG x 20;649566;ACEMUK 600  mg;20;1;16050.11;802.51;ok
Acemuk;ACEMUK GRAN P/SUSP 2.00G 100ML x 1 /5ML;243745;ACEMUK JARABE;;1;8194.17;;ok
Acemuk;ACEMUK TABL EFERV 600MG x 60;26902;ACEMUK 600  mg;60;1;42528.99;708.82;ok
Acemuk;ACEMUK TABL EFERV 600MG x 5;192966;;;;;;SIN PRECIO: se valoriza al PSL ponderado del mercado
Acneclin;ACNECLIN AP CAPS A.P 100MG x 30;115842;ACNECLIN 100 AP;30;1;31689.75;1056.33;ok
Acneclin;ACNECLIN TABL RECUBIE 50mg x 30;15202;ACNECLIN;30;1;16348.46;544.95;ok
Aireal;AIREAL TABL MAST 10mg x 30;55186;AIREAL 10 mg;30;1;24411.37;813.71;ok
Aireal;AIREAL TABL MAST 5.00MG x 30;23271;AIREAL  5 mg;30;1;23748.54;791.62;ok
Aireal;AIREAL TABL MAST 4.00MG x 30;11734;AIREAL  4 mg;30;1;22533.74;751.12;ok
Aireal;AIREAL TABL RECUBIE 10mg x 60;9157;AIREAL 10 mg;60;1;46575.82;776.26;ok
Aireal;AIREAL TABL MAST 5.00MG x 60;7829;AIREAL  5 mg;60;1;41776.76;696.28;ok
Aireal;AIREAL TABL MAST 4.00MG x 60;3533;AIREAL  4 mg;60;1;37722.08;628.7;ok
Alidial;ALIDIAL TABL RECUBIE 10mg x 30;87100;ALIDIAL;30;1;10842.45;361.42;ok
Alidial;ALIDIAL GOTAS 10mg 20ML x 1 /ML;76724;ALIDIAL;20;1;5980.3;299.01;ok
Alidial;ALIDIAL TABL RECUBIE 10mg x 10;28718;ALIDIAL;10;1;5866.92;586.69;ok
Alidial;ALIDIAL L GOTAS 5.00MG 20ML x 1 /ML;3944;ALIDIAL L - LEVOCETIRIZINA;20;1;15468.55;773.43;ok
Alidial;ALERGICAL GOTAS 5.00MG 20ML x 1;3332;ALIDIAL;20;1;5980.3;299.01;REVISAR: otra marca
Alidial;ALIDIAL L TABL RECUBIE 5.00MG x 30;2821;ALIDIAL L;30;1;14695.02;489.83;ok
Alidial;ALIDIAL L TABL RECUBIE 5.00MG x 10;1994;ALIDIAL L;10;1;5754.56;575.46;ok
Alidial;ALERGICAL TABL RECUBIE 5.00MG x 30;1037;ALIDIAL;30;1;10842.45;361.42;REVISAR: otra marca
Alidial;ALERGICAL TABL RECUBIE 5.00MG x 10;1027;ALIDIAL;10;1;5866.92;586.69;REVISAR: otra marca
Bactrim;BACTRIM FORTE TABL 800MG x 10 /160;974153;BACTRIM FORTE 800-160;10;1;13331.86;1333.19;ok
Bactrim;BACTRIM TABL 400MG x 20 /80;129094;BACTRIM 400-80 comp;20;1;9994.43;499.72;ok
Bactrim;BACTRIM JARABE JBE 200/40 200MG 100ML x 1;127526;BACTRIM 200-40;;1;10444.72;;ok
Bactrim;BACTRIM A.IV 400MG 5ML x 5 /80;618;BACTRIM 400-80/5ml;5;1;21125.4;4225.08;ok
Calcio Base;CALCIO BASE TABL 500MG x 30;135855;CALCIO BASE DUPOMAR;30;1;7612.87;253.76;ok
Calcio Base;CALCIO BASE TABL MAST 500MG x 60;130078;CALCIO BASE DUPOMAR;60;1;12925.25;215.42;ok
Calcio Base;CALCIO BASE D3 TABL MAST 400MG x 30;34865;CALCIO BASE DUPOMAR D3 200;30;1;6863.49;228.78;ok
Calcio Base;CALCIO BASE D3 TABL MAST 400MG x 60;23796;CALCIO BASE DUPOMAR D3 200;60;1;11051.44;184.19;ok
Calcio Base;CALCIO BASE D TABL MAST 500MG x 30 /440;12417;CALCIO BASE DUPOMAR D;30;1;6695.29;223.18;ok
Calcio Base;CALCIO BASE D3 TABL MAST 200MG x 30;11202;CALCIO BASE DUPOMAR D3 200;30;1;6863.49;228.78;ok
Calcio Base;CALCIO BASE D TABL 500MG x 60 /440;10639;CALCIO BASE DUPOMAR D;60;1;11291.6;188.19;ok
Calcio Base;CALCIO BASE D3 TABL MAST 200MG x 60;6961;CALCIO BASE DUPOMAR D3 200;60;1;11051.44;184.19;ok
Calcio Base;CALCIO CIT DUPO D3 TABL MAST 1500MG x 30 /400;4726;CALCIO BASE DUPOMAR D3 400;30;1;8452.16;281.74;ok
Calcio Base;CALCIO CIT DUPO D3 TABL MAST 1500MG x 60 /400;2385;CALCIO BASE DUPOMAR D3 400;60;1;12605.25;210.09;ok
Calcio Base;CALCIO CIT DUPO D3 TABL MAST 1500MG x 30 /200;2167;CALCIO BASE DUPOMAR D3 200;30;1;6863.49;228.78;ok
Calcio Base;CALCIO CIT DUPO D3 TABL MAST 1500MG x 60 /200;1099;CALCIO BASE DUPOMAR D3 200;60;1;11051.44;184.19;ok
Calcio Base;CITRAMAR D 400 TABL 315MG x 30 /400;845;CALCIO BASE DUPOMAR D;30;1;6695.29;223.18;REVISAR: otra marca
Calcio Base;CITRAMAR D 200 TABL 315MG x 30 /200;500;CALCIO BASE DUPOMAR D;30;1;6695.29;223.18;REVISAR: otra marca
Calcio Base;CITRAMAR D 400 TABL 315MG x 60 /400;431;CALCIO BASE DUPOMAR D;60;1;11291.6;188.19;REVISAR: otra marca
Calcio Base;CITRAMAR D 200 TABL 315MG x 60 /200;244;CALCIO BASE DUPOMAR D;60;1;11291.6;188.19;REVISAR: otra marca
Cefalexiona;CEFALEXINA ARGENTI TABL DUO 1.00G x 14;306519;CEFALEXINA ARGENTIA DUO 1 GR;14;1;15346.53;1096.18;ok
Cefalexiona;CEFALEXINA ARGENTI TABL 500MG x 16;150183;CEFALEXINA ARGENTIA 500 MG;16;1;8281.48;517.59;ok
Cefalexiona;CEFALEXINA ARGENTI TABL DUO 1.00G x 16;127592;CEFALEXINA ARGENTIA DUO 1 GR;16;1;16699.88;1043.74;ok
Cefalexiona;CEFALEXINA ARGENTI TABL 500MG x 24;92488;CEFALEXINA ARGENTIA 500 MG;24;1;10613.33;442.22;ok
Cefalexiona;CEFACAR TABL DISPERS 500MG x 16;82474;CEFALEXINA ARGENTIA 500 MG;16;1;8281.48;517.59;REVISAR: otra marca
Cefalexiona;CEFALEXINA ARGENTI SUSP 500MG 90ML x 1 /5ML;66175;CEFALEXINA ARGENTIA 500 MG;90;1;8349.07;92.77;ok
Cefalexiona;CEFALEXINA ARGENTI TABL 500MG x 8;56254;CEFALEXINA ARGENTIA 500 MG;8;1;4815.66;601.96;ok
Cefalexiona;CEFACAR TABL DISPERS 500MG x 8;46217;CEFALEXINA ARGENTIA 500 MG;8;1;4815.66;601.96;REVISAR: otra marca
Cefalexiona;CEFACAR TABL 1.00G x 16;45756;CEFALEXINA ARGENTIA 500 MG;16;1;8281.48;517.59;REVISAR: otra marca
Cefalexiona;CEFALEXINA ARGENTI SUSP 500MG 120ML x 1 /5ML;40478;CEFALEXINA ARGENTIA 500 MG;120;1;10296.72;85.81;ok
Cefalexiona;CEFALEXINA ARGENTI SUSP DUO 750MG 90ML x 1;36298;CEFALEXINA ARGENTIA DUO 750 MG;90;1;9399.26;104.44;ok
Cefalexiona;CEFALEXINA ARGENTI SUSP 250MG 90ML x 1 /5ML;20605;CEFALEXINA ARGENTIA 250 MG;90;1;5079.93;56.44;ok
Cefalexiona;CEFACAR TABL 1.00G x 8;20422;CEFALEXINA ARGENTIA 500 MG;8;1;4815.66;601.96;REVISAR: otra marca
Cefalexiona;CEFACAR SUSP 500MG 90ML x 1 /5ML;6116;CEFALEXINA ARGENTIA 500 MG;90;1;8349.07;92.77;REVISAR: otra marca
Cefalexiona;CEFALEXINA ARGENTI SUSP 250MG 120ML x 1 /5ML;5842;CEFALEXINA ARGENTIA 250 MG;120;1;5585.59;46.55;ok
Cefalexiona;CEFALEXINA ARGENTI TABL 500MG x 80;1041;CEFALEXINA ARGENTIA 500 MG;80;1;40282.26;503.53;ok
Cefalexiona;CEFACAR SUSP 500MG 60ML x 1 /5ML;3755;;;;;;SIN PRECIO: se valoriza al PSL ponderado del mercado
Clobesol;CLOBESOL CREMA 0.05% 30G x 1;68073;CLOBESOL;30;1;16643.48;554.78;ok
Clobesol;CLOBESOL CREMA 0.05% 20G x 1;45838;CLOBESOL;20;1;11430.95;571.55;ok
Clobesol;CLOBESOL UNGT 0.05% 15G x 1;21943;CLOBESOL;15;1;10391.78;692.79;ok
Clobesol;CLOBESOL ESPUMA 0.05G 100G x 1;14913;CLOBESOL;100;1;21307.93;213.08;ok
Clobesol;CLOBESOL LOC. 0.05% 30ML x 1;14181;CLOBESOL;30;1;11266.86;375.56;ok
Dauran;DAURAN TABL RECUBIE 10mg x 30;13978;DAURAN 10 mg;30;1;41251.89;1375.06;ok
Decadron;DECADRON. TABL 0.50MG x 30;43153;DECADRON 0,5;30;1;17418.17;580.61;ok
Decadron;DECADRON TABL 4.00MG x 10;14331;DECADRON 4MG;10;1;6438.55;643.86;ok
Decadron;DECADRON TABL 4.00MG x 20;5644;DECADRON 4MG;20;1;12242.42;612.12;ok
Decadron;DECADRON TABL 8.00MG x 10;5430;DECADRON 8MG;10;1;13602.62;1360.26;ok
Deltrox;DELTROX NF TABL 150MG x 1;6105;DELTROX 150 mg;1;1;28816.88;28816.88;ok
Dilatrend;DILATREND TABL RAN 12.5MG x 30;118504;DILATREND 12,5 mg;30;1;12317.98;410.6;ok
Dilatrend;DILATREND TABL RAN 6.25MG x 30;103938;DILATREND 6,25 mg;30;1;9960.72;332.02;ok
Dilatrend;DILATREND TABL RAN 25mg x 30;82470;DILATREND 25 mg;30;1;15228.09;507.6;ok
Dilatrend;DILATREND TABL RAN 6.25MG x 56;56438;DILATREND 6,25 mg;56;1;15404.91;275.09;ok
Dilatrend;DILATREND TABL RAN 12.5MG x 56;56071;DILATREND 12,5 mg;56;1;19534.99;348.84;ok
Dilatrend;DILATREND TABL RAN 12.5MG x 28;43355;DILATREND 12,5 mg;28;1;11959.17;427.11;ok
Dilatrend;DILATREND TABL RAN 25mg x 56;38077;DILATREND 25 mg;56;1;25625.44;457.6;ok
Dilatrend;DILATREND TABL RAN 25mg x 28;37837;DILATREND 25 mg;28;1;15228.34;543.87;ok
Dilatrend;DILATREND TABL RAN 6.25MG x 28;35423;DILATREND 6,25 mg;28;1;9959.69;355.7;ok
Dilatrend;DILATREND AP CAPS 20mg x 30;20618;DILATREND AP 20 MG;30;1;22863.12;762.1;ok
Dilatrend;DILATREND AP CAPS 40mg x 30;19763;DILATREND AP 40 MG;30;1;27945.68;931.52;ok
Dilatrend;DILATREND D TABL RAN 25/ 12mg x 28;13719;DILATREND D  X 28;28;1;17166.98;613.11;ok
Dilatrend;DILATREND TABL RAN 3.12MG x 28;12582;DILATREND D  X 28;28;1;17166.98;613.11;ok
Dilatrend;DILATREND AP CAPS 10mg x 30;7427;DILATREND AP 10 MG;30;1;13362.21;445.41;ok
Dilatrend;DILATREND TABL RAN 50mg x 28;6053;DILATREND 50 MG;28;1;19736.45;704.87;ok
Dilatrend;DILATREND AP CAPS 80mg x 30;4412;DILATREND AP 80 MG;30;1;33673.38;1122.45;ok
Dilatrend;DILATREND TABL RAN 3.12MG x 30;44582;;;;;;SIN PRECIO: se valoriza al PSL ponderado del mercado
Diovan;DIOVAN TABL RECUBIE 160MG x 28;269641;DIOVAN 160 mg (*);28;1;28765.85;1027.35;ok
Diovan;DIOVAN TABL RECUBIE 80mg x 28;175278;DIOVAN 80 mg (*);28;1;22490.44;803.23;ok
Diovan;DIOVAN TABL RECUBIE 320MG x 28;37130;DIOVAN 320 mg (*);28;1;31747.88;1133.85;ok
Diovan;DIOVAN IC TABL RECUBIE 40mg x 14;10922;DIOVAN 40 mg (*);14;1;15395.39;1099.67;ok
Diovan;DIOVAN TABL RECUBIE 160MG x 14;2667;DIOVAN 160 mg (*);14;1;14758.64;1054.19;ok
Empax;EMPAX TABL RECUBIE 10mg x 30;15981;EMPAX 10 MG;30;1;55536.07;1851.2;ok
Empax;EMPAX TABL RECUBIE 25mg x 30;7083;EMPAX 25 MG;30;1;59690.78;1989.69;ok
Empax;EMPAX MET TABL RECUBIE 1000MG x 60 /12.;2179;EMPAX MET 5/1000;60;1;60586.43;1009.77;ok
Empax;EMPAX MET TABL RECUBIE 850MG x 60 /5;997;EMPAX MET 5/1000;60;1;60586.43;1009.77;ok
Empax;EMPAX MET TABL RECUBIE 1000MG x 60 /5;831;EMPAX MET 5/1000;60;1;60586.43;1009.77;ok
Empax;EMPAX MET TABL RECUBIE 850MG x 60 /12.;578;EMPAX MET 5/1000;60;1;60586.43;1009.77;ok
Entresto;ENTRESTO TA REV 24MG/ 26mg x 30;124510;ENTRESTO 50 mg (*);30;1;66102.3;2203.41;ok
Entresto;ENTRESTO TA REV 49MG/ 51mg x 30;36642;ENTRESTO 100 mg (*);30;1;66102.3;2203.41;ok
Entresto;ENTRESTO TA REV 49MG/ 51mg x 60;26038;ENTRESTO 100 mg (*);60;1;132204.67;2203.41;ok
Entresto;ENTRESTO TA REV 97MG/ 103MG x 60;16947;ENTRESTO 200 mg (*);60;1;132204.67;2203.41;ok
Exforge;EXFORGE TABL RECUBIE 5.00MG x 28 /160;94754;EXFORGE 160/5 (*);28;1;38468.68;1373.88;ok
Exforge;EXFORGE TABL RECUBIE 5.00MG x 28 /80;39504;EXFORGE 80/5 (*);28;1;39213.91;1400.5;ok
Exforge;EXFORGE TABL RECUBIE 10mg x 28 /160;33652;EXFORGE 160/5 (*);28;1;38468.68;1373.88;ok
Exforge;EXFORGE TABL RECUBIE 320MG x 28 /5;8892;EXFORGE 80/5 (*);28;1;39213.91;1400.5;ok
Exforge;EXFORGE TABL RECUBIE 320MG x 28 /10;7367;EXFORGE 160/10 (*);28;1;39082.06;1395.79;ok
Exforge;EXFORGE TABL RECUBIE 5.00MG x 14 /160;1152;EXFORGE 160/5 (*);14;1;20782.94;1484.5;ok
Hexaler cort;HEXALER CORT TABL RECUBIE 5.00MG x 10 /0.6;583028;HEXALER CORT;10;1;6734.69;673.47;ok
Hexaler cort;HEXALER CORT JBE 100MG/ 5.00MG 60ML x 1;139779;HEXALER CORT;60;1;7992.85;133.21;ok
ISIS Free;ISIS FREE S/ESTROG TABL RECUBIE 4.00MG x 28;566197;ISIS FREE;28;1;21547.3;769.55;ok
ISIS Free;ISIS FREE S/ESTROG TABL RECUBIE 4.00MG x 84;22901;ISIS FREE;84;1;45249.33;538.68;ok
ISIS Free;ISIS FREE S/ESTROG TABL RECUBIE 4.00MG x 56;13746;ISIS FREE;56;1;35594.36;635.61;ok
Levital;LEVITAL SOLN ORAL 100MG 200ML x 1;5427;LEVITAL 100 mg;200;1;81199.98;406.0;ok
Levital;LEVITAL TABL REC 1000MG x 30;3565;LEVITAL 1000 mg;30;1;99544.92;3318.16;ok
Levital;LEVITAL TABL REC 500MG x 60;2490;LEVITAL 500 mg;60;1;95716.27;1595.27;ok
Levital;LEVITAL TABL REC 500MG x 30;1833;LEVITAL 500 mg;30;1;49232.65;1641.09;ok
Macromax;MACROMAX PEDIATR SUSP ORAL 200MG 30ML x 1;71951;MACROMAX PEDIATRICO;30;1;13868.26;462.28;ok
Macromax;MACROMAX TABL 500MG x 6;54752;MACROMAX;6;1;13920.15;2320.03;ok
Macromax;MACROMAX TABL 500MG x 3;13752;MACROMAX;3;1;10393.62;3464.54;ok
Madopar;MADOPAR CPR 250MG x 50;204377;MADOPAR 250 mg;50;1;33315.3;666.31;ok
Madopar;MADOPAR CPR 250MG x 30;68673;MADOPAR 250 mg;30;1;20173.76;672.46;ok
Madopar;MADOPAR HBS TABL 125MG x 30;23072;MADOPAR HBS 125 mg;30;1;9227.11;307.57;ok
Madopar;MADOPAR TABL DISPERS 125MG x 100;16909;MADOPAR 125 mg;100;1;29408.3;294.08;ok
Magnus;MAGNUS TABL RECUBIE 50mg x 2;115321;MAGNUS 50 mg;2;1;3793.63;1896.81;ok
Magnus;MAGNUS TABL RECUBIE 100MG x 2;101289;MAGNUS 100 mg;2;1;5470.58;2735.29;ok
Magnus;MAGNUS TABL MAST 50mg x 2;97214;MAGNUS 50 mg;2;1;3793.63;1896.81;ok
Magnus;MAGNUS TABL RECUBIE 100MG x 10;89427;MAGNUS 100 mg;10;1;25706.98;2570.7;ok
Magnus;MAGNUS TABL MAST 100MG x 2;79638;MAGNUS 100 mg;2;1;5470.58;2735.29;ok
Magnus;MAGNUS TABL MAST 100MG x 10;69718;MAGNUS 100 mg;10;1;25706.98;2570.7;ok
Magnus;MAGNUS TABL RECUBIE 50mg x 20;52920;MAGNUS 50 mg;20;1;32204.33;1610.22;ok
Magnus;MAGNUS TABL RECUBIE 50mg x 10;42124;MAGNUS 50 mg;10;1;17826.76;1782.68;ok
Magnus;MAGNUS TABL MAST 50mg x 20;35168;MAGNUS 50 mg;20;1;32204.33;1610.22;ok
Magnus;MAGNUS TABL MAST 50mg x 10;35000;MAGNUS 50 mg;10;1;17826.76;1782.68;ok
Magnus;MAGNUS TABL RECUBIE 25mg x 2;11116;MAGNUS 25 mg;2;1;2977.91;1488.96;ok
Magnus;MAGNUS TABL RECUBIE 25mg x 30;8472;MAGNUS 25 mg;30;1;41394.08;1379.8;ok
Magnus;MAGNUS TABL RECUBIE 25mg x 10;6363;MAGNUS 25 mg;10;1;13993.61;1399.36;ok
Magnus;MAGNUS TABL RECUBIE 50mg x 1;1664;MAGNUS 50 mg;1;1;1991.65;1991.65;ok
Metglucon;METGLUCON AP TABL RECUBIE 850MG x 60;115526;METGLUCON 500 AP;60;1;16163.84;269.4;ok
Metglucon;METGLUCON AP TABL RECUBIE 1000MG x 60;73034;METGLUCON 500 AP;60;1;16163.84;269.4;ok
Metglucon;METGLUCON AP TABL RECUBIE 500MG x 60;59343;METGLUCON 500 AP;60;1;16163.84;269.4;ok
Metglucon;METGLUCON AP TABL RECUBIE 850MG x 30;38948;METGLUCON 500 AP;30;1;8506.26;283.54;ok
Metglucon;METGLUCON AP TABL RECUBIE 500MG x 30;28161;METGLUCON 500 AP;30;1;8506.26;283.54;ok
Metglucon;METGLUCON AP TABL RECUBIE 1000MG x 30;15412;METGLUCON 500 AP;30;1;8506.26;283.54;ok
Metglucon;METGLUCON TABL RECUB. 500MG x 30;531;METGLUCON 500 AP;30;1;8506.26;283.54;ok
Micomazol;MICOMAZOL CREMA DERMIC 1% 30G x 1;131411;MICOMAZOL;30;1;8179.73;272.66;ok
Micomazol;MICORAL CREMA 2% 30G x 1;75571;MICOMAZOL;30;1;8179.73;272.66;REVISAR: otra marca
Micomazol;MICOMAZOL DEO AERO 1% 110G x 1;35150;MICOMAZOL DEO;110;1;10025.73;91.14;ok
Micomazol;MICOMAZOL PASTA 1% 30G x 1;29662;MICOMAZOL;30;1;8179.73;272.66;ok
Micomazol;IKOLAN CREMA 1% 50G x 1;8255;MICOMAZOL;50;1;8623.37;172.47;REVISAR: otra marca
Micomazol;MICOMAZOL POLVO 1% 50G x 1;7099;MICOMAZOL;50;1;8623.37;172.47;ok
Micomazol;MICOMAZOL LACA FCO 8% 5ML x 1;2506;MICOMAZOL;5;1;16999.14;3399.83;ok
Microsona;MICROSONA CREMA 1% 15G x 1;145866;MICROSONA 1 %;15;1;7370.47;491.36;ok
Microsona;MICROSONA CREMA 0.50% 15G x 1;28829;MICROSONA 0,5 %;15;1;7369.94;491.33;ok
Microsona;MICROSONA CREMA 2% 15G x 1;25669;MICROSONA 2 %;15;1;9417.54;627.84;ok
Mometax;MOMETAX CREMA 0.10% 15G x 1;76080;MOMETAX;15;1;7740.53;516.04;ok
Mometax;MOMETAX CREMA 0.10% 30G x 1;52013;MOMETAX;30;1;14300.3;476.68;ok
Mometax;MOMETAX LOC. 0.10% 30ML x 1;15087;MOMETAX;30;1;12688.35;422.95;ok
PGB;PGB TABL MULTDOS 75mg x 30;59303;PGB 75 mg;30;1;25834.73;861.16;ok
PGB;PGB TABL MULTDOS 75mg x 15;3869;PGB 75 mg;15;1;13328.5;888.57;ok
Paldar;PALDAR CREMA 0.30G 15G x 1;93329;PALDAR;15;1;10492.73;699.52;ok
Paldar;PALDAR UNGT 2% 15G x 1;15354;PALDAR;15;1;10492.73;699.52;ok
Pixaban;PIXABAN TABL RECUBIE 5.00MG x 60;16328;PIXABAN 5 MG;60;1;77189.55;1286.49;ok
Pixaban;PIXABAN TABL RECUBIE 2.50MG x 60;8295;PIXABAN 2,5 MG;60;1;74941.31;1249.02;ok
QTP;QTP TABL RECUBIE 25mg x 30;14089;QTP 25 MG;30;1;35613.49;1187.12;ok
QTP;QTP TABL RECUBIE 100MG x 30;6898;QTP 100 MG;30;1;58603.13;1953.44;ok
QTP;QTP TABL RECUBIE 200MG x 30;1065;QTP 200 MG;30;1;75745.1;2524.84;ok
Roaccutan;ROACCUTAN CAPS. 30+30 20mg x 60;169768;ROACCUTAN 20 mg;30;2;167626.4;2793.77;ok | precio prorrateado x2
Roaccutan;ROACCUTAN CAPS 10mg x 30;15172;ROACCUTAN 10 mg;30;1;44397.25;1479.91;ok
Roxolan;ROXOLAN TABL 10mg x 30;103543;ROXOLAN 10 MG;30;1;15517.59;517.25;ok
Roxolan;ROXOLAN TABL 20mg x 30;62226;ROXOLAN 20 MG;30;1;28040.34;934.68;ok
Roxolan;ROXOLAN TABL 40mg x 30;19579;ROXOLAN 40 MG;30;1;48772.99;1625.77;ok
Roxolan;ROXOLAN TABL 5.00MG x 30;8933;ROXOLAN 5 MG;30;1;10249.0;341.63;ok
Roxolan Plus;ROXOLAN PLUS CAPS 10mg x 30  10;17838;ROXOLAN 10 MG;30;1;15517.59;517.25;ok
Roxolan Plus;ROXOLAN PLUS TABL RECUBIE 20mg x 30  10;17548;ROXOLAN 20 MG;30;1;28040.34;934.68;ok
Roxolan Plus;ROXOLAN PLUS TABL RECUBIE 5.00MG x 30  10;2184;ROXOLAN 5 MG;30;1;10249.0;341.63;ok
Siderblut;SIDERBLUT CAPS 200MG x 30;238634;SIDERBLUT;30;1;10153.67;338.46;ok
Siderblut;FER-IN-SOL GOTAS 125MG 20ML x 1 /ML;223531;SIDERBLUT;20;1;6582.23;329.11;REVISAR: otra marca
Siderblut;SIDERBLUT CAPS 200MG x 60;95394;SIDERBLUT;60;1;19097.72;318.3;ok
Siderblut;SIDERBLUT POLI TABL 100MG x 30;54704;SIDERBLUT  POLI;30;1;9476.18;315.87;ok
Siderblut;SIDERBLUT POLI TABL 100MG x 60;46089;SIDERBLUT  POLI;60;1;16534.84;275.58;ok
Siderblut;SIDERBLUT GOTAS GOTAS PED. 50mg 20ML x 1 /ML;25374;SIDERBLUT;20;1;6582.23;329.11;ok
Siderblut;SIDERBLUT IM A.IM 100MG 2ML x 5;12153;SIDERBLUT;5;1;27089.56;5417.91;ok
Siltran;SILTRAN TABL RECUBIE 100MG x 30;24781;SILTRAN 100mg;30;1;69281.68;2309.39;ok
Siltran;SILTRAN MET TABL RECUBIE 850MG x 60 /50;14369;SILTRAN MET 50/850mg;60;1;68332.13;1138.87;ok
Siltran;SILTRAN MET TABL RECUBIE 1000MG x 60 /50;11321;SILTRAN MET 50/1000mg;60;1;79277.1;1321.29;ok
Siltran;SILTRAN TABL RECUBIE 50mg x 30;5722;SILTRAN 50mg;30;1;64600.48;2153.35;ok
Siltran;SILTRAN MET TABL RECUBIE 850MG x 30 /50;4680;SILTRAN MET 50/850mg;30;1;38697.87;1289.93;ok
Siltran;SILTRAN MET TABL RECUBIE 500MG x 30 /50;2252;SILTRAN MET 50/500mg;30;1;36513.32;1217.11;ok
Siltran;SILTRAN MET TABL RECUBIE 1000MG x 30 /50;1627;SILTRAN MET 50/1000mg;30;1;41194.51;1373.15;ok
Sintrom;SINTROM TABL 4.00MG x 20;628226;SINTROM 4 mg NA;20;1;27799.17;1389.96;ok
Sintrom;SINTROM TABL 1.00MG x 20;61579;SINTROM 1 mg NA;20;1;7757.16;387.86;ok
Telpres;TELPRES TABL 40mg x 28;25875;TELPRES 40 MG;28;1;47126.99;1683.11;ok
Telpres;TELPRES TABL 80mg x 28;24959;TELPRES 80 MG;28;1;65591.32;2342.55;ok
Terloc;TERLOC TABL 5.00MG x 30;136264;TERLOC 5 MG (*);30;1;12910.75;430.36;ok
Terloc;TERLOC TABL 10mg x 30;133873;TERLOC 10 MG (*);30;1;23764.79;792.16;ok
Terloc;TERLOC TABL 5.00MG x 60;30685;TERLOC 5 MG (*);60;1;25295.67;421.59;ok
Terloc;TERLOC TABL 10mg x 60;18892;TERLOC 10 MG (*);60;1;43448.02;724.13;ok
Terloc;TERLOC DUO CAPS 5.00MG x 30 /10;4334;TERLOC 5 MG (*);30;1;12910.75;430.36;ok
Terloc;TERLOC DUO CAPS 5.00MG x 30 /20;1659;TERLOC 5 MG (*);30;1;12910.75;430.36;ok
Terloc;TERLOC DUO CAPS 2.50MG x 30 /10;4230;;;;;;SIN PRECIO: se valoriza al PSL ponderado del mercado
Tetralgin;TETRALGIN TABL x 20;148004;TETRALGIN;20;1;7250.18;362.51;ok
Tetralgin;TETRALGIN TABL x 100;69737;TETRALGIN;100;1;32539.05;325.39;ok
Tetralgin;TETRALGIN TABL x 50;59222;TETRALGIN;50;1;17004.31;340.09;ok
Tetralgin;TETRALGIN NOVO TABL x 20;46620;TETRALGIN NOVO;20;1;7411.1;370.55;ok
Tetralgin;TETRALGIN NOVO TABL x 40;31217;TETRALGIN NOVO;40;1;14116.62;352.92;ok
Trip D3;TRIP D3 CAPS DURAS 100K x 3;187968;TRIP D3 (*);3;1;21885.22;7295.07;ok
Trip D3;CALCITRIOL INV CAPS 0.25Y x 30;174742;TRIP +45;30;1;15689.7;522.99;REVISAR: otra marca
Trip D3;TRIP D3 CAPS DURAS 100K x 1;68442;TRIP D3 (*);1;1;9716.22;9716.22;ok
Trip D3;CALCITOL D3 SOLN ORAL 2.50MG 2ML x 1;39;TRIP D3 (*);1;1;9716.22;9716.22;REVISAR: otra marca
Valium;VALIUM TABL 5.00MG x 30;203708;VALIUM 5 mg;30;1;6442.59;214.75;ok
Valium;VALIUM TABL 10mg x 50;162394;VALIUM 10 mg;50;1;11495.58;229.91;ok
Valium;VALIUM TABL 10mg x 30;98136;VALIUM 10 mg;30;1;7824.45;260.81;ok
Valium;VALIUM A.IM 10mg 2ML x 5;10525;VALIUM 10 mg;5;1;9662.08;1932.42;ok
